index,OECD Production,Non-OECD Production,OECD Consumption,Non-OECD Consumption,Total Production,Total Consumption,OECD Surlus,Non-OECD Surlus,Total Surlus
2022-01,31.636469,67.152821,44.869252,53.052862,98.790290,97.922113,-13.23278,14.100959,0.86817777
2022-02,31.669102,67.191362,46.379409,54.642728,98.860465,101.01763,-14.70580,12.548634,-2.157172
